id,plot,NDVI_d28,SAVI_d28,GNDVI_d28,MCARI1_d28,SR_d28,NDVI_d01,SAVI_d01,GNDVI_d01,MCARI1_d01,SR_d01,NDVI_d04,SAVI_d04,GNDVI_d04,MCARI1_d04,SR_d04,NDVI_d08,SAVI_d08,GNDVI_d08,MCARI1_d08,SR_d08,Class
1,102,0.798284346,1.197380165,0.692651956,16710.29721,9.72814153,0.729766918,1.094619847,0.698726413,21499.94698,6.907141814,0.713178955,1.069718399,0.662424602,13090.11459,6.2169677,0.684125239,1.026146315,0.636864799,13352.81776,5.421332921,1
2,11,0.806954675,1.210392005,0.705323218,19513.8563,10.55741076,0.774359038,1.161513501,0.717366713,30041.91766,8.531835018,0.777758122,1.166604163,0.680268759,22731.09954,8.38045283,0.725520578,1.0882398,0.669112589,16190.82038,6.491860114,0
3,103,0.825103716,1.237610132,0.708468134,18074.06986,11.14140802,0.786940831,1.180384643,0.730470702,29312.17626,8.982520596,0.730707638,1.096007869,0.680237617,12330.21702,6.670914716,0.728170925,1.092214401,0.655206208,15313.16198,6.55126821,1
4,112,0.788884018,1.183279017,0.664787176,16226.23017,8.990752368,0.743874097,1.115781864,0.690141471,22610.47885,7.109600014,0.707999325,1.061948287,0.64478555,12085.07787,6.017713865,0.72816058,1.092200955,0.640739202,16562.17418,6.608121222,1
5,114,0.764985935,1.147431616,0.673489714,14920.80711,8.269806173,0.715948151,1.07389405,0.69561909,22002.08151,6.447620542,0.68815475,1.032175959,0.660206404,10053.17885,5.571702366,0.694319683,1.04143675,0.642372545,13760.95583,5.665566998,1
6,104,0.806203716,1.209259407,0.706954192,17028.95267,10.11130809,0.762455248,1.143656067,0.728572108,26924.5034,8.062839254,0.719175826,1.078709963,0.676753818,11916.93652,6.373154179,0.690513556,1.035727095,0.646186268,13193.66098,5.569106658,1
7,113,0.795357749,1.192987854,0.687262504,16034.5755,9.714422749,0.735629884,1.103415746,0.702572233,22870.58823,7.131970381,0.693615112,1.040365748,0.660225514,10244.4141,5.736576886,0.702830866,1.054200003,0.64652675,13187.20646,5.878810035,1
8,101,0.807646512,1.211424161,0.713000842,17387.49079,10.64321113,0.774361301,1.161512395,0.738357136,25357.88958,8.749415394,0.748414355,1.12257346,0.694469572,14891.14774,7.39440415,0.705636992,1.058409694,0.662053942,13483.8996,5.947826653,1
9,111,0.790080408,1.185074131,0.683248583,16212.71937,9.193787976,0.74113962,1.111678513,0.703304087,21842.74825,7.143895534,0.710366631,1.065501455,0.653621958,13079.29736,6.154163931,0.711068345,1.066558897,0.64936163,14597.79894,6.153231062,1
10,12,0.789402906,1.184062241,0.688352541,17859.92417,9.527958269,0.757559298,1.136311557,0.706715961,26529.38283,7.888507761,0.737633698,1.106409159,0.65347496,17483.16681,7.039555312,0.701538166,1.052261738,0.65104774,13607.31327,5.889840195,1
11,122,0.787845796,1.181722482,0.673787138,16349.84435,9.121528311,0.748273904,1.122382137,0.702856343,23283.21436,7.44573408,0.712608268,1.06886431,0.643761968,12910.09312,6.146566315,0.71827172,1.07736418,0.641293974,14630.45708,6.313308121,1
12,13,0.806006126,1.208966061,0.698521522,18325.86796,10.45062071,0.776762107,1.165121191,0.712256086,35348.89095,8.872072447,0.757990792,1.136946885,0.663469302,18970.25945,7.691800785,0.721818861,1.082688193,0.654506147,16312.51025,6.385157853,0
13,132,0.80208221,1.203077356,0.680917069,17169.04634,10.05881252,0.77534429,1.162990055,0.709705583,27757.52368,8.621917015,0.736382525,1.104527847,0.66432032,14681.21027,6.937700581,0.722001679,1.082958672,0.653284551,14758.07159,6.4360791,1
14,134,0.813372566,1.220014347,0.709147933,18003.44931,10.79602404,0.762583407,1.143847923,0.726100412,27339.40817,8.147889773,0.695130864,1.0426393,0.668245223,10358.64327,5.802838569,0.706549433,1.059781289,0.658175857,14405.32997,5.988306244,1
15,121,0.793088413,1.189587832,0.678663388,17110.87043,9.385904783,0.753832156,1.130719158,0.705600592,23670.23288,7.587275893,0.711203293,1.066755362,0.6567278,12728.28121,6.149678732,0.700708241,1.051020921,0.65158841,14118.31678,5.789025992,1
16,123,0.799930795,1.199850894,0.697854461,16973.98828,10.07589383,0.773743923,1.160590859,0.720498902,29446.17681,8.502046479,0.736301054,1.10440476,0.670650219,14162.00058,6.849823484,0.715584629,1.073337857,0.647433399,15628.9732,6.192233279,1
17,133,0.805879885,1.208772937,0.70664467,16879.74656,10.43939698,0.763583253,1.145346897,0.723132884,25901.72026,8.164294452,0.702196191,1.053239432,0.662807576,10913.54436,5.934496046,0.699743602,1.049570407,0.648298527,13302.45597,5.854394326,1
18,131,0.781234246,1.171805392,0.675058982,16065.92042,8.896474579,0.768149446,1.152197867,0.705692256,27451.80286,8.206078184,0.745733929,1.118557763,0.664432135,16204.73886,7.231634699,0.728244129,1.092324943,0.655569216,15647.22917,6.582493175,1
19,124,0.814805573,1.22216416,0.699812392,17937.77408,10.6202571,0.783842593,1.175741018,0.71522492,33271.2208,8.760187767,0.731444101,1.09712,0.660362734,14471.14853,6.685011399,0.700603594,1.050865225,0.637495219,14594.45893,5.875212757,1
20,14,0.778407902,1.16756637,0.674224063,16130.88569,9.135821164,0.755313395,1.132946923,0.697299858,30860.2305,7.87326676,0.731637783,1.097414594,0.648051446,15867.27075,6.888080205,0.723708922,1.085521285,0.659776335,15024.8446,6.503053949,0
21,152,0.792179028,1.188221289,0.674878481,16474.81567,9.773159218,0.77469772,1.162021207,0.695997127,28683.82416,8.377723095,0.734604353,1.101860343,0.647366323,14555.34758,6.843436119,0.716421915,1.074587932,0.647086992,13699.59957,6.280669446,1
22,161,0.772798694,1.159150797,0.667518138,15554.09084,8.657466623,0.739449301,1.109145089,0.686722647,23606.28735,7.23192341,0.737798831,1.106649107,0.669850568,14198.1964,7.042070149,0.772525867,1.15874476,0.702535446,16837.38576,8.234412038,0
23,143,0.82786736,1.241756375,0.70972484,18672.64233,11.79803884,0.794794779,1.192166114,0.729884381,31182.96132,9.5767133,0.748502481,1.122700356,0.682496316,13352.56397,7.330775026,0.732277502,1.098373354,0.661410248,15218.76265,6.658197196,1
24,151,0.780629798,1.17089877,0.66928309,16267.39971,9.090849672,0.769623855,1.15440863,0.704512791,27003.32987,8.296365057,0.735936404,1.10385452,0.664617366,14155.78558,6.889557345,0.725598992,1.088355542,0.658406922,15198.20938,6.479914582,1
25,144,0.821302179,1.231908641,0.719607432,18126.31908,11.07801389,0.77778533,1.166651844,0.735521789,28789.85974,8.737821365,0.716120312,1.074124311,0.679707954,11015.79735,6.296712585,0.71705268,1.075532105,0.67312725,13316.44953,6.203088364,1
26,153,0.799124063,1.198638613,0.686061824,16457.33288,9.995885932,0.77120839,1.156785478,0.711637983,28056.02379,8.394860129,0.737033074,1.105500116,0.65903062,14001.32688,6.912650135,0.726163813,1.089201629,0.651366869,14330.73005,6.505888915,1
27,141,0.817668078,1.226457818,0.700117488,18225.33486,10.6657208,0.787322619,1.180955991,0.729366181,27172.53268,8.921093379,0.7371529,1.10567806,0.675408882,13175.06404,6.901255651,0.724750727,1.087080418,0.658417524,14099.31712,6.472388219,1
28,142,0.823210479,1.234770576,0.70277584,18323.98614,11.21970683,0.767013331,1.150491067,0.713530584,25217.35139,8.275390166,0.72457949,1.086812564,0.671617068,11707.93465,6.607787552,0.724929057,1.087346321,0.658993474,14021.9872,6.454235626,1
29,154,0.769337897,1.15395847,0.667601679,14903.61002,8.520085832,0.736024576,1.104010979,0.686558569,25665.23265,7.079835145,0.698104734,1.047105158,0.63179049,11427.95703,5.806806217,0.705325489,1.057940872,0.651448032,12513.64135,5.973544082,1
30,162,0.788265898,1.182351331,0.68260567,16088.96253,9.341000766,0.773298329,1.159920277,0.71243285,28324.97565,8.497619529,0.745386744,1.118028388,0.68019508,13927.70514,7.335323161,0.802340205,1.203469405,0.722495141,19683.5047,9.491368928,0
31,163,0.760046045,1.140018453,0.671142455,14121.69149,8.311702102,0.761772179,1.142631728,0.709032621,27806.86002,8.051379265,0.746824655,1.120186984,0.680060937,14132.96383,7.311563711,0.783435165,1.175108419,0.706288684,17621.19398,8.720014502,0
32,172,0.786789368,1.180139352,0.667010801,17342.97805,9.4936726,0.767957547,1.151909824,0.702740529,29478.14048,8.390298707,0.760218864,1.140278024,0.69299981,15211.02272,8.057539568,0.787628261,1.181404368,0.70200447,20216.99934,8.970957946,0
33,183,0.785151808,1.177681031,0.69058304,16161.01118,9.518410007,0.769532507,1.154271768,0.724645151,28363.52012,8.481463501,0.722849192,1.084220302,0.6747686,12326.53756,6.490257604,0.711886411,1.067783756,0.671040027,13442.67552,6.123528008,1
34,181,0.80367556,1.205470284,0.704061854,17993.90098,10.27981952,0.788907999,1.183335361,0.733038995,28961.39502,9.164243703,0.751236569,1.126805635,0.690534099,14988.0033,7.497528725,0.715673687,1.073466543,0.666856013,14128.06946,6.237742788,1
35,164,0.763760828,1.145594107,0.661051863,15154.30589,8.305156372,0.746089141,1.119110343,0.687516459,30148.71305,7.465369701,0.735955177,1.103883476,0.670377822,14110.78547,6.978873724,0.772569458,1.158811607,0.696114047,17295.08865,8.236818108,0
36,182,0.804870789,1.207260419,0.69646268,17413.22192,10.3925696,0.781652769,1.172452497,0.720054373,29312.56728,8.929503932,0.740119059,1.110125532,0.680882251,13337.09052,7.09179961,0.725772953,1.088615652,0.66426432,14561.50962,6.455969381,1
37,174,0.820552973,1.230786501,0.695417739,19184.76293,10.79982019,0.803978099,1.205943923,0.732383927,36639.93661,9.869641031,0.775139802,1.162659999,0.713220712,15515.40716,8.408079507,0.816573783,1.224826448,0.728203577,23276.95995,10.37776304,0
38,171,0.785790911,1.178643253,0.676179284,17699.36966,9.243165549,0.787620226,1.181406461,0.714569883,32015.8157,9.046123312,0.782401418,1.173558917,0.700381399,18378.20495,8.742919109,0.775379691,1.163033455,0.704372145,20346.18796,8.615441349,0
39,184,0.787989901,1.181938275,0.695737569,16074.81613,9.345277363,0.772148716,1.158198088,0.725948215,30107.39871,8.456144082,0.703850477,1.055721338,0.670724108,11052.57197,6.023065055,0.710512339,1.065722374,0.669069839,13109.19728,6.06375523,1
40,173,0.815877879,1.22377262,0.69096939,18660.59758,10.68672728,0.803321223,1.204958423,0.727245721,34842.65994,9.853780525,0.783096022,1.174595074,0.716055763,16024.16407,8.751675961,0.806537589,1.20976666,0.727334952,19977.69722,9.738011502,0
41,191,0.659674091,0.989466709,0.570998835,11794.94615,4.959734436,0.666397235,0.999568894,0.618320763,19426.85782,5.059496237,0.670622953,1.005890443,0.594110956,12412.02165,5.186283031,0.678982168,1.018432608,0.612002396,13541.94079,5.402231149,0
42,211,0.774023063,1.160990954,0.677475616,16462.9743,8.773794834,0.743076257,1.114586694,0.700232044,24028.07055,7.286265258,0.722554164,1.08378423,0.667218722,13733.65064,6.512016845,0.694736773,1.042063723,0.647334364,13796.53737,5.712237286,1
43,203,0.825695562,1.238497509,0.716165487,17929.59988,11.26561639,0.791615836,1.187397813,0.732856824,30116.19456,9.159365752,0.731560428,1.097286666,0.667511342,12398.74121,6.649066038,0.699504281,1.049210283,0.650380298,12635.83173,5.762494943,1
44,194,0.699347111,1.048973396,0.592230835,12616.44088,6.029805621,0.691883654,1.037802491,0.62363598,25410.25467,5.78879303,0.683078924,1.024571447,0.603176142,12294.03188,5.53302101,0.714000087,1.070959784,0.632550498,15371.41006,6.312777837,0
45,192,0.701884761,1.052777776,0.578258242,12266.63881,5.926147401,0.715134376,1.072675294,0.622891525,23560.19835,6.274387107,0.715288104,1.072887467,0.60071614,14133.23253,6.312278089,0.728208513,1.092274129,0.627083795,16626.70244,6.648723495,0
46,21,0.77793719,1.166863212,0.670603888,17315.57673,8.797762483,0.765304266,1.147932994,0.699105391,30874.50847,8.1300762,0.777302417,1.165920939,0.678815174,23387.23253,8.498030892,0.782553223,1.173795619,0.707182922,22071.41814,8.726001007,0
47,204,0.806580088,1.2098232,0.701055721,16738.86385,10.19252279,0.767114135,1.150646263,0.712295419,29115.38152,8.159012686,0.713840449,1.070709808,0.652280973,12230.34404,6.192203026,0.693266288,1.039851758,0.648329295,11894.57992,5.614734628,1
48,201,0.759035955,1.138509011,0.654482262,15471.32166,8.139571001,0.746984129,1.120448239,0.692698335,23975.59679,7.337673552,0.731696567,1.097497824,0.666404825,13938.39389,6.783317743,0.722034254,1.083009568,0.660867922,14820.38775,6.383786715,0
49,202,0.799376831,1.199019764,0.693381659,17129.30271,10.07298268,0.774230286,1.161318651,0.714616456,27768.22957,8.436597391,0.728377191,1.092513882,0.666507887,12879.56336,6.660573848,0.70996394,1.064901049,0.65137853,13678.63166,6.070063257,1
50,193,0.669378068,1.004017706,0.567407814,11005.3558,5.170459348,0.666991205,1.000460635,0.61093507,20085.95433,5.113230541,0.673823028,1.01068619,0.594704784,11221.62231,5.266137979,0.720294894,1.080400433,0.621676376,15088.01072,6.391030353,0
51,212,0.772776462,1.159118645,0.671734791,15510.5387,8.434671887,0.75024893,1.125347986,0.692026849,26273.90734,7.437576898,0.714278156,1.071367673,0.64922803,12721.45865,6.220414641,0.692005319,1.037965273,0.636876484,13341.31745,5.626204563,1
52,213,0.777000836,1.165453909,0.679471275,15193.9005,8.591364906,0.74799839,1.121972095,0.699221979,26081.59794,7.407293458,0.709927574,1.064841111,0.652394267,12231.59724,6.150553367,0.689648061,1.034426538,0.639722012,12401.97802,5.586493128,1
53,214,0.780902593,1.171305119,0.690097265,15093.28902,9.031313776,0.738434041,1.107624845,0.709252681,25493.51936,7.108987684,0.687455654,1.031123913,0.655160868,9431.856566,5.534781081,0.689673225,1.034461164,0.654741815,11536.11861,5.528515783,1
54,233,0.802962561,1.204397069,0.672949358,16879.81159,9.978516822,0.777284808,1.165900977,0.705299061,28675.52232,8.430752257,0.720483331,1.080674353,0.648477648,12770.43751,6.381091912,0.689120885,1.033634468,0.632751841,12155.99181,5.533900944,1
55,222,0.799274554,1.198866549,0.709546667,16926.79689,10.02796065,0.776146767,1.164192316,0.728863976,26895.01975,8.536911487,0.73679956,1.105148402,0.675475559,13414.36635,6.90329449,0.716205971,1.074262523,0.671040928,13050.41583,6.207749517,1
56,223,0.772861829,1.159246801,0.67203373,15631.90938,8.39161227,0.752069855,1.128079643,0.703466732,27496.45023,7.470987953,0.705445113,1.058116321,0.653966785,12006.79882,6.000967124,0.702791242,1.054144431,0.647620339,13959.90523,5.886574277,1
57,23,0.793705908,1.190514459,0.676632418,17398.62953,9.462379924,0.768915868,1.153350511,0.705756274,32652.54535,8.247214305,0.773972768,1.160921506,0.680308619,20426.3309,8.410356927,0.782941405,1.174379075,0.700441091,22391.41245,8.757980121,0
58,22,0.784820032,1.177187471,0.673513977,17784.13156,9.171088817,0.770256224,1.15536125,0.701514793,32113.07033,8.352601682,0.780659363,1.170953645,0.679384418,21845.46511,8.625365677,0.768179682,1.152232057,0.696245521,20091.70124,8.239581628,0
59,231,0.794871425,1.192263308,0.688351185,17399.21163,9.731045496,0.768509988,1.152737111,0.710823525,25533.12671,8.167791586,0.740492375,1.110689577,0.675128843,13885.27612,7.130283468,0.739548497,1.109280061,0.674300616,15355.75501,6.886935175,1
60,224,0.804792052,1.207142507,0.693535605,17207.57636,10.21163444,0.768145564,1.152193866,0.710970848,30113.89466,8.082713523,0.698276093,1.047361125,0.648421809,11421.44849,5.773739901,0.683556201,1.025287354,0.647078963,12059.52746,5.436373351,1
61,234,0.777222464,1.16578746,0.681182294,15630.65697,8.822980775,0.743847156,1.115746607,0.698946967,27915.30493,7.235477497,0.705518503,1.05822787,0.648770776,12109.96466,5.992611103,0.685952617,1.028884107,0.639731891,12324.7621,5.473100508,1
62,232,0.754210958,1.131268149,0.660533743,14243.84176,7.91401216,0.734659791,1.101961468,0.692746684,23309.17518,6.889796207,0.706235967,1.059303091,0.649849707,12200.07384,6.004391728,0.68487354,1.02726494,0.629218906,12585.23163,5.468445782,1
63,221,0.768909056,1.1533198,0.686460771,15983.50006,8.429781114,0.736085417,1.104100134,0.700288292,22988.84542,7.072643018,0.716138322,1.074161123,0.666046991,13477.25223,6.326705181,0.687289542,1.030892068,0.652855696,12995.34999,5.543596842,1
64,24,0.779289203,1.168889729,0.670156967,16834.23728,8.82793503,0.751837471,1.127732858,0.700192675,31228.22886,7.667230795,0.746426806,1.119597157,0.67613818,17257.5743,7.469812133,0.77027909,1.155380621,0.700684569,19479.57938,8.204621228,0
65,241,0.779318177,1.168935913,0.696683081,17486.55161,9.093280517,0.749468865,1.124177017,0.707191842,25640.73504,7.646416725,0.745375785,1.118018973,0.689989591,15548.17799,7.235798753,0.720599906,1.080858544,0.681536603,14930.35932,6.349342082,0
66,262,0.781298584,1.171904849,0.685854019,17036.48759,9.141078273,0.760947985,1.141396755,0.713377362,27615.16998,8.076416936,0.735655751,1.10343965,0.6684984,15268.8164,6.994690592,0.704413194,1.056575881,0.645064464,13451.57235,5.93750006,1
67,251,0.755184834,1.132733496,0.6605429,15852.83237,7.914961812,0.726881313,1.090292925,0.682189554,22658.14116,6.783760885,0.708590225,1.062836256,0.643902652,13104.70798,6.093265589,0.700899515,1.051304936,0.644887471,13417.07846,5.800064751,1
68,243,0.785143517,1.177667666,0.687147764,15576.73118,9.126763773,0.761561069,1.142313212,0.715977656,24909.25259,7.969754209,0.712120681,1.068124619,0.66410569,11191.62778,6.180840656,0.69852858,1.047743178,0.650151209,12134.56918,5.76559534,1
69,244,0.806635223,1.209906135,0.714261233,16643.4658,10.13337295,0.778050216,1.167050624,0.730249726,30364.24316,8.608458933,0.715696433,1.073490313,0.665502612,11602.04732,6.237789174,0.69776701,1.046599473,0.657306368,11463.91334,5.729752176,1
70,252,0.791183897,1.186733126,0.69402542,17629.95361,9.792282973,0.749844145,1.124738149,0.707945107,25347.92281,7.868777911,0.721032231,1.081497473,0.665244333,13060.32926,6.548141938,0.69380948,1.040666846,0.648711102,12700.24826,5.683393866,1
71,253,0.804469246,1.206659938,0.704125036,17594.62161,10.30902364,0.786120572,1.179154703,0.735754003,29547.30212,8.958142646,0.727847139,1.091717968,0.674568264,12804.73619,6.580651967,0.693020118,1.039482979,0.652580197,12341.56388,5.647709957,1
72,254,0.786609356,1.17986786,0.687683185,16127.0108,9.352340406,0.760864483,1.141272693,0.71126011,29336.49899,8.025262298,0.705622191,1.058382592,0.648059444,12273.90265,6.019115247,0.693504169,1.040208433,0.643663419,12096.72054,5.668529168,1
73,242,0.804182985,1.206229897,0.703635694,17568.20348,10.30042997,0.790506243,1.185734146,0.729411382,30405.12113,9.246694141,0.747973066,1.121914479,0.674926181,15544.21393,7.319662523,0.719790632,1.079640888,0.661931638,13817.81919,6.33289872,1
74,261,0.765600946,1.148357427,0.66767809,16026.43079,8.372847438,0.76112403,1.141657855,0.70596213,24805.58265,7.939225831,0.746547859,1.119775297,0.670810726,14989.4411,7.315423815,0.722093174,1.083094373,0.657102722,14044.9847,6.466628475,1
75,263,0.796941526,1.195365653,0.690545052,16605.88644,9.95215167,0.787635236,1.181428179,0.724107452,31482.13415,9.327646331,0.736343115,1.104465515,0.670656973,14258.0242,6.913623861,0.710095492,1.06509744,0.653636649,13231.47042,6.060763636,1
76,264,0.75752495,1.136241428,0.66529916,15022.62012,8.035357215,0.752581654,1.128849201,0.699447807,30190.65411,7.568170619,0.712714616,1.069023955,0.651524186,13247.367,6.158184744,0.705119934,1.057634994,0.644045322,13301.50739,5.969795432,1
77,291,0.81130584,1.21691823,0.701307765,19439.17904,10.66272175,0.767512858,1.15124461,0.701641436,28723.2449,8.28728577,0.763828688,1.145705735,0.675493937,18956.49979,7.913114833,0.730672626,1.095965474,0.666674323,15190.01537,6.679783207,1
78,272,0.765418328,1.148082504,0.661056201,15752.92838,8.31751045,0.7441959,1.116266869,0.693440919,24922.87566,7.307699673,0.719370083,1.079007555,0.650841725,13577.76912,6.395602019,0.702973614,1.054415314,0.638563804,13338.71314,5.895170435,1
79,273,0.803327535,1.204946194,0.677066258,17577.12881,10.11583401,0.766047148,1.149044386,0.705504199,28718.00889,8.170659226,0.727341715,1.090963887,0.654166613,13903.13446,6.605207153,0.697304936,1.045911983,0.635178797,13013.49359,5.7289115,1
80,271,0.770730933,1.156053165,0.672974798,16538.83864,8.634537941,0.744030748,1.116018444,0.696801655,24271.03021,7.330605439,0.739016716,1.108480151,0.67165418,15499.53576,7.065898938,0.715575495,1.073317172,0.653113559,13789.49222,6.274760128,1
81,281,0.757084303,1.135583461,0.658321143,15964.73781,7.743107624,0.735586415,1.103351719,0.688163562,22687.92082,6.874789225,0.71461841,1.07188249,0.650990946,13691.54502,6.197601688,0.691738172,1.037561073,0.643540967,12331.77881,5.621996458,1
82,274,0.771733527,1.15755304,0.678365303,15260.38705,8.798843476,0.759620183,1.13940686,0.7090927,29758.92997,7.952801791,0.738232192,1.10730245,0.67272939,14763.65084,6.969102091,0.708784264,1.063133291,0.654319923,13881.66053,6.041900794,1
83,282,0.799197246,1.198751404,0.693667912,17402.26007,9.794543155,0.758005803,1.136981408,0.702030599,25685.12207,7.746915229,0.70792554,1.061839663,0.6382695,12816.94263,6.047447475,0.690384139,1.035528607,0.635320454,12158.80283,5.594731662,1
84,284,0.75086308,1.1262467,0.667094017,14191.97204,7.886186371,0.725462556,1.088167503,0.688411922,24821.01184,6.738969458,0.692004939,1.037959122,0.634485538,12322.08947,5.651197151,0.680942651,1.021365197,0.632457015,11578.01884,5.404330007,1
85,283,0.7965506,1.194780157,0.6958414,16568.01749,9.658674084,0.771161207,1.156716561,0.712780865,28364.05687,8.17536142,0.713131718,1.069649241,0.64523927,13049.36315,6.150007898,0.691265121,1.036850286,0.6385806,12199.35103,5.622464056,1
86,292,0.792607788,1.188868205,0.682857349,17688.49778,9.827803215,0.752719578,1.129053896,0.690984688,27798.05015,7.91207596,0.724426193,1.086594664,0.642862662,14800.39421,6.544942347,0.699745293,1.049570663,0.642188786,12814.39601,5.823972498,1
87,293,0.804989912,1.207439359,0.6909199,17428.44887,10.35938444,0.782881688,1.174296775,0.713722872,30499.88366,8.907087722,0.745184557,1.117728027,0.663082417,14711.97257,7.239453714,0.716593848,1.074842752,0.650881502,13456.9383,6.280422624,1
88,301,0.773306972,1.159918529,0.658594136,17453.29039,8.607948251,0.758339896,1.137483497,0.692807292,26554.6898,7.804430345,0.772499183,1.158707358,0.689897876,18057.54615,8.27731007,0.791807029,1.187672233,0.713318976,19834.99753,9.14603869,0
89,294,0.806937615,1.210362084,0.695139266,17816.50115,10.26855823,0.785890403,1.178814863,0.710650315,36072.3175,8.997616347,0.734749639,1.102081823,0.652975406,15723.57959,6.8310283,0.720797608,1.081155827,0.647685606,15717.57153,6.355225371,1
90,312,0.776952881,1.165389002,0.668677379,18215.73452,8.884457578,0.75529542,1.132919668,0.695133955,29548.33191,7.839341827,0.762089836,1.143097479,0.682126195,19117.18911,8.089498617,0.77308766,1.159594456,0.702277478,19615.27489,8.458707581,0
91,302,0.766087943,1.149089244,0.660173802,16840.43244,8.360433691,0.758898921,1.138324436,0.690232301,29723.77061,7.929563917,0.760440494,1.140617816,0.681180944,17194.77063,7.900517514,0.765784804,1.148636045,0.694732914,17933.29543,8.179209918,0
92,304,0.76829503,1.152398918,0.667775659,16400.01652,8.450649169,0.755769732,1.133633443,0.69777084,33525.69034,7.884852502,0.74900765,1.123471335,0.674613111,17433.75439,7.52282088,0.753027861,1.129500686,0.689929628,17249.33047,7.60874133,0
93,313,0.772294859,1.158398023,0.660778694,16576.00226,8.45101457,0.761159433,1.141715776,0.698392135,30414.40376,7.825289525,0.762962574,1.144402708,0.680934366,17300.24789,7.793527288,0.781828624,1.172702696,0.70842434,18326.8565,8.472027764,0
94,303,0.779767994,1.16960648,0.674405742,16656.80811,8.9848427,0.769354605,1.154008292,0.712095378,31637.64396,8.321639793,0.771340444,1.156968804,0.69398829,17776.50013,8.283523412,0.786355548,1.179492878,0.714983441,18955.55578,8.862912574,0
95,31,0.802589035,1.203841091,0.683131419,18509.41764,9.902206679,0.799542849,1.199291523,0.717583261,34182.35921,9.441950153,0.790564939,1.185811722,0.693047683,21671.87855,8.930666224,0.788858165,1.183249475,0.714673463,20196.23432,8.873445758,0
96,311,0.787429474,1.181106129,0.67913142,19574.21117,9.29871783,0.766968268,1.150429453,0.703226875,29990.37778,8.160047675,0.764721262,1.147046946,0.684533421,20227.54953,8.149914539,0.789748465,1.184586138,0.719745219,20623.24509,9.174990723,0
97,32,0.790127353,1.185146938,0.671263354,17369.49225,9.183915301,0.751211205,1.12679009,0.695379037,27301.4509,7.586181762,0.759163551,1.138704192,0.670936772,18220.27005,7.747740018,0.778955658,1.16839734,0.696259805,20598.2824,8.438533862,0
98,314,0.790791525,1.186141832,0.680644854,17024.83605,9.576516286,0.777485645,1.166205268,0.713291924,32975.21484,8.741159446,0.774106507,1.161120274,0.693496255,18437.18073,8.457086179,0.790110686,1.185126595,0.716147526,18904.87543,9.028473663,0
99,324,0.771955638,1.157886591,0.684270665,15544.34528,8.793057656,0.756873864,1.135286354,0.716098771,29284.26304,7.874621233,0.73675905,1.105094589,0.676928656,15552.39493,7.002858784,0.721952974,1.082883896,0.67824188,13753.59426,6.400156424,1
100,334,0.66666471,0.999953545,0.575491959,12256.7581,5.094710452,0.671412411,1.007096437,0.616720587,23884.30469,5.182524368,0.665764965,0.998610281,0.59949308,14022.14139,5.100803451,0.692859923,1.03925065,0.626415443,14428.77128,5.717155351,0
101,332,0.702853357,1.05423793,0.596766022,14282.54195,6.243611592,0.703867496,1.055776599,0.637277463,23944.36106,6.083072449,0.706355647,1.059496092,0.612366242,16146.9622,6.102728506,0.715297216,1.072907529,0.632440255,16155.19752,6.366358424,0
102,322,0.775669786,1.163461099,0.672798157,16955.45118,8.9232683,0.759086978,1.138604171,0.702027952,26896.53482,7.864726821,0.749946475,1.124877598,0.675437728,16711.05717,7.398852443,0.733258421,1.099840089,0.675365315,14072.10727,6.722299432,1
103,33,0.802135045,1.203159058,0.680237532,18180.33806,9.828548291,0.774235294,1.161329369,0.707785171,32839.93572,8.488640819,0.75886818,1.138258812,0.678140797,17767.32481,7.826370486,0.765014271,1.147480019,0.698970355,18310.08356,8.085077106,0
104,323,0.762479777,1.14367425,0.670852449,15641.56332,8.497137432,0.743815953,1.115699726,0.69880436,28084.85199,7.445758661,0.708628644,1.062899452,0.641892485,14150.54237,6.13326589,0.695497821,1.043202626,0.646023362,12972.52244,5.726531639,1
105,333,0.649084685,0.973585561,0.556921879,12279.07652,4.789961492,0.651537343,0.97728289,0.607132991,21376.18619,4.800934051,0.670119736,1.005140265,0.587081635,13652.41571,5.173873553,0.699263851,1.048856423,0.61921079,14888.57394,5.873620179,0
106,331,0.684093735,1.026101123,0.57970543,14363.76139,5.485154722,0.683368079,1.025026076,0.621753886,21390.94521,5.440782565,0.698290361,1.047397787,0.612532637,15864.07369,5.836133981,0.722138425,1.083168113,0.646371836,16276.04763,6.535245155,0
107,321,0.777471779,1.166167184,0.682334624,17859.50422,9.126620953,0.757031527,1.135520606,0.709641434,25472.33478,7.781057819,0.754274984,1.131371343,0.687460133,17004.33729,7.594891504,0.744477766,1.116671831,0.690388451,15247.61085,7.111257893,1
108,34,0.794549878,1.191781048,0.677452221,17655.09353,9.468389203,0.747984482,1.121953673,0.689961817,31306.96323,7.550798141,0.738022409,1.106990013,0.662512985,16440.8958,7.042804108,0.771039073,1.15652441,0.689318849,21187.49956,8.164349127,0
109,41,0.807148408,1.210679778,0.705810578,18296.0697,10.35485539,0.789467548,1.184176076,0.732064057,30092.76932,9.065155902,0.780057503,1.170048361,0.69906681,20306.01792,8.457682575,0.73383958,1.100720915,0.680649795,17245.07293,6.774250755,1
110,42,0.807833583,1.211707819,0.701071222,18454.70437,10.57220579,0.782705983,1.174034465,0.723793197,31622.9287,8.985410286,0.760081409,1.140078554,0.687380993,17219.53378,7.705673879,0.712540902,1.068773017,0.664800892,15658.94027,6.155553314,1
111,51,0.681086857,1.021585198,0.568552528,12579.47939,5.416263147,0.635929577,0.953868658,0.592643702,18122.40482,4.520550195,0.642946343,0.964380991,0.552339957,13257.79545,4.653616843,0.655962402,0.983907832,0.582567164,14305.08896,4.902358902,0
112,62,0.793019641,1.189482991,0.67066305,16584.48699,9.574839302,0.765204057,1.147779304,0.702255463,27445.90938,8.199549367,0.74766722,1.121455429,0.666697474,16048.56718,7.300400969,0.727466769,1.091159008,0.652468054,15632.5219,6.522027601,1
113,63,0.821537894,1.232262028,0.682231558,18581.87596,11.05799758,0.796381995,1.194548754,0.711331342,34253.45207,9.490143373,0.746678105,1.11997229,0.652294014,16195.47682,7.210825055,0.686715329,1.03003114,0.623842369,13349.71235,5.484878754,1
114,43,0.801627099,1.202396417,0.693121338,17568.67816,10.17605228,0.763526394,1.145262357,0.715827853,27063.05983,8.189961436,0.753923734,1.130838278,0.688377452,15339.7571,7.613094977,0.721475185,1.08217144,0.672335236,15163.30603,6.458732816,1
115,61,0.789764674,1.184601602,0.668828279,16800.07702,9.305882209,0.765345092,1.147991016,0.693785763,26884.09918,7.998906896,0.744977788,1.117425918,0.659656065,17071.87898,7.152252844,0.710745332,1.066076902,0.646036629,14859.91812,6.071482431,1
116,44,0.797514159,1.196226762,0.68833035,17275.28021,9.986011963,0.765820498,1.148707067,0.706658336,30783.60464,8.135937989,0.740937553,1.111358169,0.676825469,14419.13457,7.107937761,0.707083599,1.06058574,0.653542835,15068.3686,6.024346962,1
117,53,0.701225806,1.051788051,0.578802988,11994.50233,5.884711372,0.664516597,0.99675122,0.607315887,21934.77021,5.039765526,0.657798113,0.986656333,0.568876275,12874.34936,4.915552843,0.682624072,1.023896857,0.593515429,14350.54472,5.414652526,1
118,64,0.791775505,1.187618234,0.693406082,16786.39937,9.71127766,0.779330158,1.16897257,0.71543524,33334.75676,8.824425901,0.731582218,1.097328379,0.662359522,15165.26401,6.772345816,0.695610017,1.043374787,0.650319344,14261.214,5.712711718,1
119,71,0.782725008,1.174042322,0.669256263,16624.67195,9.015159091,0.74734241,1.1209854,0.691065195,25070.98153,7.521210128,0.718302573,1.0774094,0.644398212,14525.12696,6.37345919,0.705159025,1.057696117,0.645867681,14201.17261,5.973567862,1
120,54,0.7046799,1.056971315,0.576898084,12621.61309,5.956860784,0.66547886,0.998194361,0.606511128,21892.37025,5.087874644,0.663610762,0.995373043,0.573946539,12539.39659,5.038392205,0.690166146,1.035210448,0.598533841,15055.00003,5.644586039,0
121,52,0.667111025,1.000618261,0.562755362,11239.21978,5.09296702,0.645283176,0.96789952,0.602207171,19010.54014,4.675970711,0.651874436,0.977771491,0.561289355,12820.83111,4.798288072,0.67374775,1.010584213,0.588338437,14575.8112,5.243901078,0
122,72,0.812336059,1.218459266,0.69367214,17784.56409,10.29013043,0.770907764,1.156336523,0.706956238,28938.88404,8.13683719,0.744882972,1.117280995,0.667291453,16258.71547,7.075653591,0.684262314,1.026357149,0.626672561,15160.59773,5.439071344,1
123,73,0.806878074,1.210271185,0.688115189,17263.46721,10.17059105,0.751750679,1.127598751,0.699975616,25997.41902,7.720031261,0.707443402,1.061116829,0.639092632,12995.39399,6.07039243,0.678222998,1.017293012,0.623547017,13112.05762,5.327960133,1
124,74,0.802670217,1.203958851,0.701760932,16544.83101,9.80686104,0.754906342,1.132335108,0.704767904,28786.27816,7.706503419,0.72522956,1.087797807,0.665006328,14071.72919,6.565316563,0.695496718,1.043205279,0.642551975,14286.78164,5.714190818,1
125,94,0.801022893,1.201488603,0.699573666,16937.8626,10.01985549,0.744597269,1.116868235,0.718585866,24549.14432,7.530731195,0.708223732,1.062281029,0.676914527,11312.97788,6.152583928,0.688090088,1.032092567,0.64145308,13283.71021,5.512737737,1
126,91,0.773628973,1.160396861,0.670690829,15547.98433,8.680776628,0.749536711,1.124276508,0.699219663,24292.3279,7.484660841,0.736340809,1.104466257,0.665710117,15362.27518,6.95291891,0.712814774,1.069179258,0.648931535,14649.76088,6.139510018,0
127,83,0.806062688,1.20904814,0.698844931,17124.72835,10.3321434,0.767125167,1.150662297,0.711544563,28826.60696,8.256129794,0.719522872,1.07923817,0.651180113,13977.37931,6.357974168,0.674288588,1.011391877,0.622217163,13092.25288,5.230628953,1
128,82,0.750210172,1.125267583,0.644542246,14328.38849,7.591730891,0.707780212,1.061642147,0.668688466,21656.64142,6.144367868,0.683641031,1.025412464,0.626455608,11786.65046,5.459074883,0.658993377,0.988444552,0.61749475,11584.92863,4.92868687,1
129,81,0.807575817,1.211320591,0.706453868,18155.87571,10.34877649,0.774815349,1.162195972,0.727686976,27744.20116,8.538698954,0.734908937,1.102315315,0.682965178,14698.32604,6.903508551,0.710542324,1.065769133,0.663861447,13727.74708,6.049483743,1
130,84,0.781298705,1.1719033,0.671280014,16684.03811,9.000704055,0.734849967,1.102247899,0.691017377,25430.27568,7.154167907,0.708275709,1.062360919,0.654872366,12633.29162,6.177029671,0.672909346,1.009325603,0.626687278,13901.73759,5.240016049,1
131,92,0.760722281,1.141036601,0.660274433,14967.20998,8.141685154,0.729610871,1.094387846,0.687685243,23396.21203,6.989577697,0.712178832,1.068221754,0.644260759,14209.13957,6.259535894,0.685161735,1.027701091,0.627243269,14067.88995,5.514437623,1
132,93,0.775177889,1.162720281,0.672197806,15638.715,8.715507536,0.744264737,1.116369637,0.703833627,24709.99277,7.377157301,0.7142334,1.071299779,0.663589843,12466.88602,6.338209311,0.715345829,1.072979346,0.648119889,15801.33386,6.342295681,1
